<?xml version="1.0" encoding="UTF-8"?>
<metadata modelVersion="1.1.0">
  <groupId>org.springframework.boot</groupId>
  <artifactId>spring-boot-autoconfigure</artifactId>
  <version>2.4.0-SNAPSHOT</version>
  <versioning>
    <snapshot>
      <timestamp>20200923.123246</timestamp>
      <buildNumber>497</buildNumber>
    </snapshot>
    <lastUpdated>20200923123302</lastUpdated>
    <snapshotVersions>
      <snapshotVersion>
        <classifier>javadoc</classifier>
        <extension>jar</extension>
        <value>2.4.0-20200922.154417-496</value>
        <updated>20200922154417</updated>
      </snapshotVersion>
      <snapshotVersion>
        <classifier>sources</classifier>
        <extension>jar</extension>
        <value>2.4.0-20200923.123246-497</value>
        <updated>20200923123246</updated>
      </snapshotVersion>
      <snapshotVersion>
        <extension>jar</extension>
        <value>2.4.0-20200923.123246-497</value>
        <updated>20200923123246</updated>
      </snapshotVersion>
      <snapshotVersion>
        <extension>pom</extension>
        <value>2.4.0-20200923.123246-497</value>
        <updated>20200923123246</updated>
      </snapshotVersion>
      <snapshotVersion>
        <extension>module</extension>
        <value>2.4.0-20200923.123246-497</value>
        <updated>20200923123246</updated>
      </snapshotVersion>
    </snapshotVersions>
  </versioning>
</metadata>
